{
  "maxBounds": {
    "ne": [109.20590400695801, 12.270168363848613],
    "sw": [109.19811487197876, 12.266352251075979]
  }
}