{
  "maxBounds": {
    "ne": [109.205393, 12.269989],
    "sw": [109.197829, 12.267504]
  }
}